order_item_id,order_id,product_id,quantity,unit_price,discount_amount
1,101,150,4,3800,200
2,101,120,5,3100,0
3,102,150,3,3800,100
4,103,45,3,1200,100
5,103,40,3,1100,100
6,103,99,4,2700,0
7,104,35,1,1000,0
8,104,99,2,2700,0
9,104,35,1,1100,0
10,104,150,4,3800,50
11,105,60,5,1600,0
12,105,75,5,2000,300
13,106,25,3,900,0
14,107,120,5,3200,200
15,107,30,1,1000,0
16,108,35,1,1000,50
17,108,15,5,500,50
18,108,40,5,1100,0
19,109,25,4,700,50
20,110,15,4,400,0
21,110,30,5,1000,500
22,111,150,2,3800,50
23,112,45,2,1200,0
24,112,40,1,1100,0
25,113,15,5,500,0
26,113,75,4,2100,0
27,113,50,4,1300,300
28,113,20,5,600,300
29,114,25,2,700,300
30,114,50,1,1400,50
31,114,10,5,400,0
32,115,20,2,600,50
33,116,80,3,2200,50
34,117,20,1,700,200
35,117,30,2,1000,0
36,118,75,5,2000,0
37,119,150,2,3800,500
38,119,50,1,1500,0
39,119,30,4,1000,500
40,119,25,3,700,500
41,120,15,4,500,0
42,120,80,1,2000,0
43,121,120,1,3200,0
44,121,25,1,700,50
45,121,30,2,1000,0
46,121,35,3,1100,0
47,122,200,3,5100,300
48,123,45,3,1200,0
49,123,10,2,400,0
50,123,20,2,700,50
51,124,80,5,2200,0
52,124,15,5,600,0
53,124,25,2,700,100
54,124,150,1,3800,0
55,125,25,3,700,0
56,125,150,5,3800,0
57,125,35,3,1100,500
58,126,40,4,1000,0
59,126,40,3,1100,0
60,127,150,1,3800,100
61,128,15,5,500,50
62,128,20,4,500,0
63,128,99,2,2600,0
64,128,40,3,1100,0
65,129,99,4,2600,0
66,129,50,2,1400,0
67,129,120,1,3100,0
68,130,80,2,2200,0
69,130,99,1,2600,50
70,130,50,4,1500,50
71,130,80,1,2200,0
72,131,60,5,1600,0
73,131,35,2,1000,0
74,131,99,5,2600,0
75,131,200,1,5200,0
76,132,45,1,1200,200
77,133,45,3,1300,500
78,133,50,4,1400,50
79,133,60,5,1600,0
80,133,45,4,1300,0
81,134,20,5,700,200
82,134,120,4,3200,0
83,134,15,4,600,200
84,135,20,1,700,100
85,135,20,3,700,300
86,136,99,3,2600,0
87,137,45,5,1400,0
88,137,80,1,2100,0
89,137,150,5,3900,300
90,137,200,5,5100,0
91,138,60,4,1500,0
92,138,99,1,2700,500
93,139,30,2,900,300
94,139,60,3,1700,300
95,140,200,1,5200,0
96,140,30,1,900,50
97,140,120,4,3100,0
98,140,25,1,700,200
99,141,35,5,1000,500
100,141,80,3,2100,0
101,141,20,4,600,300
102,142,60,5,1500,300
103,143,50,4,1300,300
104,143,80,3,2000,0
105,143,25,5,800,100
106,143,50,1,1300,500
107,144,80,1,2100,0
108,144,40,3,1100,0
109,144,60,3,1700,0
110,144,75,3,1900,0
111,145,150,5,4000,0
112,145,45,3,1200,0
113,145,150,2,3900,0
114,146,45,5,1200,200
115,146,60,4,1600,500
116,147,75,1,2000,500
117,147,120,4,3100,0
118,147,10,5,400,200
119,148,80,3,2200,0
120,148,35,2,1100,0
121,148,150,2,3800,0
122,149,150,5,3900,0
123,149,25,3,800,300
124,149,60,5,1700,500
125,149,30,1,800,500
126,150,75,1,2100,0
127,151,25,1,800,500
128,152,60,1,1700,0
129,153,35,1,1100,50
130,153,75,3,2100,0
131,153,150,4,4000,200
132,153,45,4,1200,0
133,154,25,3,700,50
134,155,120,2,3200,0
135,155,60,2,1500,0
136,156,75,1,2100,500
137,157,40,1,1200,500
138,157,75,1,2000,0
139,157,75,2,2000,500
140,158,20,5,700,0
141,158,99,1,2500,0
142,159,35,4,900,50
143,159,10,3,400,200
144,159,200,2,5200,200
145,160,40,4,1100,0
146,160,15,4,400,300
147,161,120,4,3200,200
148,161,200,1,5100,0
149,161,40,1,1200,100
150,161,20,5,500,0
151,162,15,5,500,300
152,162,15,3,500,0
153,163,20,1,500,0
154,163,35,4,900,0
155,163,50,1,1500,50
156,164,40,5,1000,200
157,164,30,5,800,500
158,164,150,5,3800,0
159,164,25,5,800,500
160,165,120,2,3200,100
161,166,50,4,1400,100
162,167,80,3,2200,0
163,167,50,4,1400,100
164,167,20,2,600,300
165,168,25,1,700,500
166,168,35,1,900,0
167,168,99,5,2600,500
168,168,60,4,1600,300
169,169,10,2,400,0
170,170,20,3,600,100
171,170,75,2,2100,200
172,171,35,3,1000,0
173,171,150,4,3900,100
174,171,40,4,1000,200
175,172,120,4,3200,100
176,172,15,5,600,200
177,173,35,5,1100,500
178,174,30,1,900,200
179,175,150,3,3800,500
180,175,60,3,1600,500
181,175,20,2,800,0
182,175,30,1,800,0
183,176,60,1,1600,0
184,176,35,5,1100,500
185,177,120,5,3100,0
186,177,50,2,1400,0
187,178,25,1,700,200
188,178,45,2,1200,0
189,178,75,1,1900,100
190,178,150,4,4000,0
191,179,35,1,1000,0
192,179,40,2,1100,0
193,179,150,2,3800,50
194,180,40,4,1200,50
195,181,40,5,1100,0
196,181,200,1,5000,300
197,181,40,4,1000,0
198,182,40,3,1100,0
199,182,75,4,2000,200
200,183,45,4,1400,50
201,183,120,3,3100,0
202,184,40,5,1100,50
203,184,15,1,500,100
204,185,20,5,600,0
205,185,40,1,1100,100
206,186,150,1,4000,300
207,187,60,3,1600,50
208,188,120,2,3200,0
209,188,50,5,1400,0
210,188,60,3,1600,500
211,188,150,1,3800,0
212,189,60,2,1700,0
213,189,30,4,900,0
214,189,80,5,2000,0
215,189,15,5,400,200
216,190,120,4,3100,100
217,191,40,3,1200,0
218,192,200,5,5100,0
219,192,25,3,700,500
220,192,60,1,1600,0
221,193,10,1,300,100
222,193,99,3,2700,100
223,194,15,5,500,50
224,195,60,2,1700,0
225,195,75,3,2000,0
226,195,45,1,1300,0
227,195,80,3,2000,200
228,196,200,2,5200,0
229,196,50,4,1500,0
230,197,50,4,1500,0
231,198,99,3,2600,0
232,199,15,5,600,0
233,199,20,1,600,0
234,200,200,1,5100,100
235,200,50,3,1400,200
236,200,150,1,3900,300
237,200,80,3,2100,100
238,201,40,3,1200,200
239,201,15,2,500,200
240,201,15,1,400,300
241,201,120,4,3100,0
242,202,30,5,1000,500
243,203,35,5,1100,0
244,204,150,2,3900,0
245,204,20,5,700,200
246,204,60,3,1600,0
247,204,40,3,1200,0
248,205,60,4,1600,0
249,205,40,1,1200,50
250,206,10,2,400,0
251,206,15,1,500,0
252,206,60,2,1700,500
253,207,15,1,500,50
254,208,30,3,800,0
255,209,25,2,800,0
256,209,30,3,800,50
257,209,20,4,700,200
258,209,75,3,2000,500
259,210,25,4,800,0
260,210,15,1,500,0
261,210,25,5,700,200
262,211,40,3,1200,50
263,211,25,5,700,50
264,211,35,4,1000,0
265,211,45,2,1300,100
266,212,150,2,3800,0
267,212,25,4,800,500
268,212,99,1,2700,100
269,212,20,3,600,0
270,213,25,2,800,300
271,214,60,2,1500,500
272,214,15,2,500,0
273,215,120,5,3100,300
274,215,20,5,700,0
275,215,25,5,600,0
276,215,40,1,1100,300
277,216,99,1,2700,0
278,216,25,4,800,0
279,216,80,3,2100,200
280,217,40,3,1200,100
281,218,40,1,1200,0
282,218,40,1,1100,200
283,218,20,2,600,0
284,218,60,3,1600,0
285,219,45,1,1200,500
286,219,60,5,1500,500
287,219,75,1,2100,0
288,219,120,4,3200,200
289,220,25,4,900,300
290,220,80,4,2000,0
291,221,25,3,900,100
292,221,75,5,2000,0
293,221,15,3,500,0
294,221,60,3,1500,0
295,222,80,2,2200,0
296,223,45,4,1300,50
297,224,50,4,1400,0
298,224,75,1,2000,50
299,224,15,3,600,0
300,224,200,2,5000,0
301,225,99,4,2500,0
302,225,80,3,2100,0
303,225,99,5,2600,0
304,225,25,5,700,0
305,226,40,2,1100,0
306,226,15,2,500,0
307,227,10,4,500,0
308,227,75,2,2000,300
309,227,60,3,1600,100
310,227,50,5,1500,0
311,228,80,4,2200,50
312,228,200,4,5100,300
313,228,99,4,2500,0
314,229,60,1,1600,0
315,229,45,2,1200,0
316,230,80,4,2000,50
317,230,30,3,900,0
318,230,120,4,3100,50
319,231,30,5,800,50
320,231,75,1,2000,0
321,232,60,5,1700,0
322,232,200,2,5200,0
323,233,200,1,5100,50
324,233,15,3,500,50
325,234,25,5,800,0
326,234,15,4,400,200
327,235,120,3,3200,0
328,235,35,3,900,0
329,235,99,5,2700,100
330,236,15,1,600,500
331,236,50,4,1500,0
332,237,45,1,1200,200
333,238,40,2,1000,50
334,239,200,5,5100,50
335,240,150,5,3900,0
336,240,40,5,1000,500
337,240,30,2,900,200
338,240,150,3,3900,0
339,241,10,4,400,300
340,242,35,4,1000,0
341,242,20,3,500,50
342,242,200,1,5200,50
343,243,45,2,1300,0
344,243,99,4,2500,0
345,243,75,3,2000,100
346,243,15,4,400,0
347,244,150,1,4000,300
348,245,200,3,5200,50
349,245,45,5,1200,0
350,245,75,4,2100,0
351,245,30,5,900,0
352,246,45,1,1400,500
353,246,80,5,2100,50
354,247,45,2,1200,500
355,247,40,4,1100,0
356,247,60,3,1600,100
357,247,30,4,800,0
358,248,15,2,600,0
359,249,60,3,1700,0
360,249,30,4,900,300
361,250,50,3,1400,0
362,250,15,3,500,0
363,250,30,2,1000,500
364,251,25,3,700,0
365,251,99,2,2700,50
366,251,30,2,800,300
367,252,80,3,2100,0
368,252,75,2,2000,0
369,252,45,4,1300,0
370,252,200,3,5200,300
371,253,40,5,1200,0
372,253,15,3,600,500
373,253,120,5,3100,0
374,254,99,2,2600,0
375,255,80,3,2200,0
376,255,150,4,3900,500
377,255,99,1,2700,50
378,256,50,2,1400,0
379,257,35,3,1000,0
380,257,15,4,500,0
381,258,10,5,400,0
382,258,120,1,3200,0
383,259,200,4,5200,200
384,259,30,4,1000,0
385,260,200,4,5100,500
386,260,120,4,3100,0
387,260,200,2,5200,200
388,261,40,3,1200,0
389,261,150,3,3800,0
390,262,60,5,1600,0
391,262,15,3,600,200
392,262,40,1,1200,100
393,263,50,2,1300,0
394,264,30,5,800,0
395,265,50,5,1300,0
396,265,10,5,400,40
397,265,200,1,5200,0
398,266,45,2,1200,0
399,266,60,2,1600,0
400,267,50,5,1400,500
401,268,200,5,5200,0
402,268,30,3,900,100
403,268,75,3,2100,200
404,268,10,2,400,100
405,269,200,4,5100,0
406,270,150,3,3900,0
407,270,120,5,3100,0
408,270,15,1,400,200
409,271,15,1,400,0
410,272,45,1,1200,0
411,272,40,5,1100,0
412,272,50,1,1400,0
413,272,30,5,1000,0
414,273,75,1,2100,300
415,273,200,1,5200,0
416,273,80,4,2100,0
417,274,10,3,400,40
418,274,75,2,2100,300
419,274,40,2,1100,0
420,274,200,4,5100,500
421,275,150,4,3900,50
422,275,40,2,1100,0
423,275,25,4,700,200
424,275,35,1,1000,0
425,276,25,1,800,50
426,276,40,1,1200,300
427,277,10,4,400,40
428,278,50,3,1300,0
429,278,25,4,800,100
430,278,40,2,1200,0
431,278,35,3,900,50
432,279,10,5,500,50
433,280,25,5,800,0
434,280,40,5,1200,0
435,281,45,2,1200,0
436,282,25,4,800,500
437,282,150,3,3900,50
438,282,150,1,3900,50
439,283,25,5,700,0
440,283,30,2,800,0
441,284,80,3,2100,0
442,284,25,3,700,200
443,284,80,4,2100,0
444,285,75,4,2100,300
445,286,20,5,700,0
446,286,75,4,2000,500
447,286,40,5,1200,0
448,286,99,3,2500,0
449,287,75,5,2100,200
450,288,50,4,1400,0
451,289,80,2,2200,0
452,289,150,5,3800,0
453,290,80,3,2100,0
454,290,120,1,3200,0
455,291,35,1,1100,300
456,291,150,3,3900,0
457,292,75,1,2000,0
458,292,75,4,1900,50
459,293,200,3,5100,50
460,293,80,3,2100,0
461,293,20,5,700,500
462,293,30,2,800,100
463,294,99,1,2600,200
464,294,50,4,1300,0
465,294,45,1,1200,0
466,295,40,1,1200,0
467,296,120,3,3100,0
468,296,50,4,1400,0
469,297,50,1,1400,100
470,297,99,4,2500,200
471,297,40,1,1100,0
472,298,50,4,1500,0
473,299,50,5,1500,0
474,299,80,1,2100,50
475,299,75,2,2000,0
476,300,15,3,500,0
477,300,75,4,2000,300
478,301,30,4,900,500
479,301,200,3,5000,0
480,301,200,5,5000,0
481,302,75,4,2100,0
482,302,15,5,600,0
483,302,99,4,2700,50
484,303,25,3,700,0
485,303,25,3,800,0
486,303,200,4,5200,200
487,304,60,4,1700,0
488,304,45,4,1200,200
489,305,15,3,500,0
490,305,200,4,5200,300
491,306,80,1,2100,500
492,306,15,2,600,50
493,306,200,2,5200,0
494,307,25,3,700,50
495,308,40,2,1200,0
496,308,20,3,600,300
497,309,50,5,1400,200
498,310,30,2,900,300
499,311,99,3,2600,0
500,311,45,5,1300,0
501,311,200,5,5200,0
502,311,150,2,3900,50
503,312,15,1,600,200
504,312,25,3,800,0
505,312,25,2,800,0
506,312,150,4,3900,0
507,313,150,4,3900,100
508,313,150,2,3900,0
509,314,75,2,1900,0
510,315,200,4,5100,0
511,316,80,5,2200,0
512,316,10,4,300,0
513,317,200,3,5100,0
514,317,35,4,1100,200
515,318,99,1,2600,0
516,318,15,1,500,0
517,319,15,4,400,0
518,320,200,4,5200,100
519,320,15,5,600,100
520,320,30,4,800,0
521,320,120,3,3100,200
522,321,35,4,1000,0
523,321,15,5,500,50
524,321,40,1,1100,0
525,322,20,1,700,0
526,323,99,3,2600,500
527,323,80,1,2100,0
528,323,50,1,1500,200
529,323,75,2,2100,100
530,324,45,1,1300,0
531,324,10,2,500,0
532,325,99,3,2700,0
533,325,20,2,700,500
534,326,60,2,1700,50
535,326,80,2,2100,0
536,327,15,3,600,300
537,328,30,3,900,0
538,328,45,2,1200,0
539,328,20,4,500,0
540,328,15,3,500,200
541,329,80,2,2200,0
542,329,75,5,2100,0
543,329,10,3,400,0
544,329,40,3,1100,0
545,330,50,4,1300,500
546,330,15,4,400,0
547,330,80,3,2100,0
548,331,50,2,1500,0
549,331,150,1,3900,0
550,331,40,2,1100,500
551,331,99,2,2600,100
552,332,75,1,2100,0
553,332,120,2,3100,0
554,332,30,2,900,0
555,333,40,3,1200,50
556,333,60,2,1700,0
557,334,150,3,3900,0
558,334,75,1,2000,100
559,334,50,4,1300,0
560,335,80,3,2100,0
561,335,20,2,600,0
562,335,75,3,1900,100
563,335,80,3,2200,0
564,336,120,2,3100,500
565,336,15,1,500,0
566,337,45,4,1200,200
567,337,50,3,1400,0
568,337,30,3,800,0
569,338,150,5,4000,0
570,338,99,4,2700,200
571,339,45,2,1200,0
572,339,60,4,1500,100
573,339,99,1,2500,0
574,339,25,5,800,100
575,340,40,1,1200,500
576,340,40,1,1200,200
577,340,75,3,2100,0
578,340,35,5,900,0
579,341,150,4,4000,100
580,341,35,2,1100,0
581,341,15,3,500,0
582,342,40,3,1100,0
583,342,30,4,1000,200
584,342,150,4,3900,0
585,343,120,4,3200,200
586,343,60,3,1600,500
587,343,15,2,400,0
588,344,45,1,1200,50
589,345,35,3,1000,200
590,345,45,4,1200,0
591,345,15,2,500,0
592,346,25,4,800,200
593,346,20,5,600,0
594,346,60,4,1700,0
595,347,30,4,900,0
596,347,80,1,2200,200
597,348,25,3,800,0
598,348,40,3,1000,0
599,348,200,2,5100,100
600,348,150,1,3800,200
601,349,10,2,300,100
602,349,50,1,1500,50
603,349,40,1,1200,0
604,349,45,1,1400,0
605,350,30,3,900,500
606,350,50,4,1400,0
607,351,200,2,5200,0
608,351,30,5,900,0
609,351,200,2,5100,0
610,351,99,1,2500,0
611,352,10,1,500,0
612,352,25,3,800,0
613,352,45,3,1200,200
614,352,150,2,3900,300
615,353,120,4,3200,50
616,353,40,4,1000,0
617,354,40,3,1200,50
618,354,75,2,2000,100
619,354,99,2,2700,0
620,354,150,4,3900,0
621,355,25,3,800,500
622,355,75,3,2000,300
623,355,150,4,4000,0
624,355,30,3,1000,300
625,356,45,4,1200,300
626,356,200,5,5200,0
627,357,10,1,400,50
628,357,75,2,2100,500
629,358,75,2,2100,0
630,359,40,4,1200,300
631,359,80,1,2200,0
632,360,50,1,1300,0
633,360,200,3,5200,300
634,360,15,4,500,0
635,360,120,5,3200,0
636,361,75,3,2100,0
637,361,25,5,800,0
638,361,99,3,2600,200
639,361,60,5,1800,500
640,362,45,4,1300,300
641,362,60,2,1600,100
642,363,45,1,1200,0
643,364,45,3,1200,0
644,364,120,3,3000,50
645,364,15,5,600,300
646,365,35,1,1000,500
647,366,60,1,1500,0
648,366,25,1,700,300
649,367,20,1,700,50
650,367,20,5,600,0
651,367,120,3,3000,50
652,367,200,2,5200,100
653,368,35,1,1000,300
654,369,40,4,1100,0
655,369,80,2,2100,300
656,369,50,1,1500,200
657,370,60,2,1700,0
658,370,150,5,4000,0
659,371,60,1,1500,300
660,371,60,4,1600,0
661,371,60,4,1600,0
662,372,20,3,600,0
663,373,10,4,300,0
664,373,35,1,1000,0
665,373,15,4,500,0
666,374,200,3,5200,50
667,375,10,3,400,0
668,375,50,2,1400,300
669,376,200,4,5100,50
670,376,120,3,3000,0
671,376,120,2,3000,100
672,377,150,4,3800,50
673,377,40,5,1200,0
674,377,10,1,300,100
675,378,50,3,1300,0
676,378,150,5,3800,50
677,379,40,1,1000,0
678,379,75,1,1900,300
679,379,10,2,300,0
680,380,20,4,700,100
681,380,80,5,2000,0
682,380,75,3,2100,500
683,381,200,3,5200,500
684,381,25,3,700,50
685,381,40,5,1000,0
686,382,30,3,800,0
687,382,200,4,5000,0
688,382,75,5,2000,0
689,382,75,1,2000,50
690,383,45,2,1400,200
691,383,35,2,1000,50
692,384,30,3,800,0
693,384,60,2,1600,500
694,385,35,5,1000,500
695,385,25,5,700,300
696,385,120,3,3200,0
697,386,20,3,600,0
698,386,35,2,1000,0
699,386,35,4,1000,0
700,387,200,2,5200,500
701,388,80,5,2100,300
702,389,15,5,500,0
703,389,15,3,500,100
704,390,10,4,500,200
705,390,99,1,2700,0
706,391,75,1,2000,500
707,392,75,5,2000,50
708,392,45,4,1300,0
709,393,40,5,1000,0
710,393,120,5,3100,0
711,393,10,4,300,30
712,393,60,2,1600,0
713,394,200,5,5100,0
714,394,40,4,1200,0
715,394,40,1,1200,0
716,395,35,5,900,0
717,395,80,2,2100,200
718,396,120,1,3200,50
719,396,35,4,1000,0
720,396,80,1,2200,0
721,397,60,5,1700,0
722,397,60,1,1700,0
723,397,99,1,2700,0
724,398,99,5,2700,50
725,398,150,1,4000,0
726,399,75,4,1900,50
727,399,35,1,1000,0
728,400,35,4,1000,0
729,401,120,2,3100,0
730,401,120,3,3200,500
731,401,80,3,2100,500
732,401,40,5,1000,200
733,402,40,4,1100,200
734,402,25,3,700,50
735,402,35,5,900,0
736,402,25,2,900,0
737,403,200,2,5200,0
738,403,150,4,3800,0
739,404,50,4,1300,0
740,404,60,1,1700,0
741,404,150,3,3800,0
742,405,120,3,3200,0
743,405,50,3,1400,100
744,406,35,2,1000,50
745,406,10,4,400,0
746,406,50,4,1400,0
747,407,99,4,2600,100
748,407,20,3,600,0
749,408,50,2,1300,0
750,408,40,2,1200,0
751,408,50,5,1300,200
752,408,200,1,5200,0
753,409,45,4,1300,0
754,410,99,3,2700,0
755,410,35,4,900,0
756,410,99,4,2600,0
757,410,45,2,1400,0
758,411,60,2,1700,0
759,411,150,2,3900,0
760,411,10,4,300,0
761,411,45,5,1200,200
762,412,50,2,1300,0
763,412,99,1,2700,50
764,413,10,5,300,0
765,413,75,2,2000,0
766,413,35,4,1100,50
767,414,150,2,3800,0
768,415,99,5,2600,0
769,415,200,2,5200,0
770,415,35,3,1100,0
771,416,60,1,1600,0
772,416,15,1,600,0
773,416,120,3,3100,200
774,416,10,2,400,40
775,417,30,3,900,0
776,417,75,5,2100,0
777,417,150,5,3800,0
778,417,30,4,800,0
779,418,99,3,2600,0
780,418,35,5,1000,100
781,419,25,1,800,0
782,419,75,2,1900,300
783,419,15,2,500,0
784,419,40,2,1100,0
785,420,25,2,700,200
786,420,120,3,3100,0
787,421,99,3,2600,0
788,422,40,2,1000,0
789,422,60,5,1500,50
790,423,99,3,2500,50
791,424,15,2,500,0
792,424,15,3,600,0
793,425,80,3,2100,0
794,425,10,3,400,300
795,426,20,3,500,50
796,426,15,4,400,0
797,426,200,4,5200,100
798,427,25,5,800,50
799,427,200,5,5100,300
800,427,45,1,1200,50
801,428,45,4,1200,0
802,429,75,3,2100,0
803,429,75,4,2000,300
804,429,75,4,2000,0
805,429,35,4,900,0
806,430,75,2,2000,0
807,431,35,2,1000,200
808,431,45,1,1200,0
809,431,45,4,1200,500
810,432,120,2,3100,0
811,432,25,3,700,0
812,432,30,2,800,0
813,432,75,3,2000,50
814,433,20,3,600,0
815,433,35,2,1100,500
816,433,99,1,2700,50
817,434,80,5,2200,500
818,434,60,3,1600,500
819,434,30,5,800,0
820,434,99,5,2500,100
821,435,10,2,400,40
822,436,25,3,700,300
823,437,10,3,500,100
824,437,150,4,3800,0
825,437,20,4,600,0
826,438,40,1,1200,0
827,438,60,1,1700,0
828,438,35,1,1000,50
829,438,20,4,700,100
830,439,120,4,3200,300
831,439,80,4,2100,300
832,440,60,2,1700,0
833,440,75,3,2100,0
834,440,99,1,2600,0
835,440,200,5,5200,0
836,441,25,5,900,0
837,441,40,5,1200,0
838,441,80,1,2100,0
839,442,120,4,3100,300
840,442,10,2,300,0
841,442,30,1,1000,300
842,443,50,4,1300,300
843,443,10,2,500,50
844,443,45,5,1200,0
845,443,99,5,2600,300
846,444,20,3,600,500
847,445,10,3,500,0
848,445,15,3,500,0
849,446,45,1,1300,300
850,446,20,1,600,50
851,446,120,1,3100,0
852,447,60,5,1700,500
853,447,80,4,2100,200
854,447,99,3,2500,300
855,448,200,4,5100,200
856,448,10,2,400,40
857,448,25,2,700,0
858,449,35,3,1100,0
859,449,20,3,500,0
860,449,30,3,1000,100
861,450,10,3,300,0
862,450,50,5,1500,0
863,451,80,1,2200,0
864,452,60,5,1500,0
865,452,25,1,800,0
866,453,25,1,900,0
867,453,200,2,5100,0
868,454,50,3,1400,0
869,454,150,5,3800,0
870,454,15,2,400,200
871,454,15,2,500,0
872,455,30,2,800,200
873,455,40,5,1200,300
874,455,80,3,2200,500
875,456,35,2,1100,0
876,457,99,3,2700,0
877,457,15,3,500,0
878,458,10,4,400,0
879,458,15,5,400,0
880,458,40,2,1200,0
881,459,35,2,1000,500
882,459,60,3,1700,0
883,459,80,4,2100,100
884,459,120,3,3200,0
885,460,200,1,5100,0
886,460,60,3,1800,300
887,460,50,3,1400,0
888,460,60,1,1600,50
889,461,40,3,1100,0
890,461,45,2,1300,300
891,461,80,1,2000,200
892,461,20,2,600,0
893,462,25,4,800,0
894,463,35,1,1000,0
895,464,60,5,1600,100
896,465,35,5,1100,0
897,466,35,4,1100,0
898,466,99,1,2700,0
899,466,10,3,400,0
900,467,75,3,2100,500
901,468,30,4,800,50
902,468,45,2,1300,50
903,468,50,1,1300,0
904,469,10,5,400,300
905,469,150,2,3800,0
906,470,10,4,400,200
907,470,99,2,2600,0
908,470,120,4,3200,0
909,470,40,4,1200,50
910,471,50,2,1400,0
911,472,10,5,500,0
912,473,25,2,700,0
913,473,50,4,1400,50
914,473,99,5,2600,0
915,473,15,3,400,0
916,474,99,3,2600,200
917,474,80,4,2000,0
918,474,50,3,1300,0
919,475,25,4,800,0
920,475,120,5,3200,0
921,475,25,5,700,500
922,475,75,1,2100,0
923,476,35,4,1100,500
924,476,40,5,1100,100
925,476,75,4,2000,0
926,476,25,1,800,0
927,477,200,5,5100,0
928,478,30,1,900,500
929,478,40,5,1200,200
930,478,45,5,1200,0
931,478,50,3,1400,0
932,479,30,2,900,0
933,479,50,4,1400,0
934,479,50,2,1400,0
935,480,80,4,2100,0
936,480,20,2,600,0
937,481,30,1,800,0
938,482,45,5,1200,0
939,482,75,3,2000,200
940,483,50,2,1400,300
941,483,40,5,1000,200
942,483,10,4,300,0
943,484,200,5,5200,100
944,484,30,3,900,0
945,484,200,3,5100,0
946,485,30,2,1000,0
947,486,200,2,5200,0
948,486,20,5,700,0
949,487,25,1,700,300
950,487,10,5,400,0
951,487,80,5,2100,50
952,487,150,2,4000,0
953,488,120,2,3200,0
954,489,120,1,3000,0
955,489,15,1,600,200
956,489,10,4,300,30
957,490,60,3,1700,0
958,491,50,2,1400,0
959,492,120,2,3200,0
960,492,150,2,4000,300
961,493,200,3,5100,500
962,493,60,4,1600,200
963,493,10,3,300,0
964,494,30,4,900,0
965,495,45,5,1200,0
966,496,50,4,1400,0
967,496,15,2,500,0
968,497,50,3,1300,0
969,497,75,4,1900,0
970,497,45,5,1200,100
971,497,99,4,2600,0
972,498,10,1,400,0
973,498,99,2,2600,100
974,499,99,4,2500,0
975,499,200,5,5100,200
976,499,25,2,800,100
977,500,20,3,700,0
978,500,35,2,1000,200
979,500,99,4,2700,0
980,500,25,4,800,50
981,501,50,2,1400,0
982,501,10,1,400,50
983,501,25,4,800,500
984,501,80,2,2000,500
985,502,35,1,1000,0
986,502,75,5,2000,0
987,503,200,3,5100,0
988,503,80,2,2100,100
989,503,120,1,3100,0
990,504,35,5,1100,200
991,504,35,1,900,200
992,505,10,3,300,0
993,505,35,5,900,0
994,506,80,1,2100,100
995,506,30,4,900,300
996,506,50,1,1400,300
997,506,10,3,400,100
998,507,40,3,1100,0
999,507,45,3,1300,0
1000,507,40,4,1200,0
1001,508,25,2,800,100
1002,508,10,3,500,50
1003,508,45,1,1200,0
1004,508,99,1,2600,300
1005,509,40,2,1200,200
1006,510,75,2,2100,200
1007,510,80,5,2200,0
1008,510,25,5,800,500
1009,511,15,2,500,0
1010,511,25,3,700,0
1011,512,150,1,3900,0
1012,512,120,2,3200,500
1013,512,75,4,2100,0
1014,512,45,1,1200,50
1015,513,75,3,2000,0
1016,514,40,5,1100,0
1017,514,99,2,2600,0
1018,514,45,4,1200,0
1019,514,10,3,400,0
1020,515,40,1,1100,0
1021,515,50,2,1300,0
1022,515,25,4,800,0
1023,515,30,1,800,0
1024,516,150,5,3800,200
1025,517,20,1,700,200
1026,517,50,1,1400,0
1027,517,25,2,800,0
1028,518,25,4,800,0
1029,518,25,5,800,500
1030,518,80,4,2200,0
1031,518,120,5,3200,0
1032,519,200,3,5200,0
1033,519,35,5,1000,200
1034,519,200,3,5100,0
1035,519,20,3,700,50
1036,520,10,2,400,0
1037,520,99,5,2500,50
1038,520,120,4,3200,0
1039,521,40,3,1100,300
1040,521,99,5,2600,0
1041,522,40,2,1100,300
1042,522,10,5,400,50
1043,522,25,3,900,0
1044,523,35,4,1000,0
1045,524,25,2,800,0
1046,524,120,2,3100,500
1047,524,40,3,1100,0
1048,524,50,4,1400,300
1049,525,50,5,1500,0
1050,526,80,1,2200,300
1051,526,40,2,1100,500
1052,526,60,5,1600,50
1053,526,150,4,3900,0
1054,527,150,5,4000,500
1055,527,10,4,300,0
1056,528,20,2,700,100
1057,528,45,1,1300,0
1058,528,20,3,600,200
1059,528,80,2,2200,50
1060,529,45,3,1400,200
1061,529,75,1,2100,0
1062,529,20,2,600,0
1063,530,35,5,1000,0
1064,531,99,5,2700,50
1065,532,45,2,1200,50
1066,533,45,2,1200,50
1067,533,40,3,1000,0
1068,533,120,4,3200,200
1069,533,20,4,600,500
1070,534,60,4,1600,500
1071,534,75,1,2000,50
1072,535,75,4,2100,0
1073,535,200,4,5000,500
1074,535,25,1,800,50
1075,535,60,3,1500,300
1076,536,120,2,3100,100
1077,536,20,4,800,0
1078,537,200,5,5100,100
1079,537,40,3,1200,0
1080,537,75,2,2100,300
1081,538,25,2,800,500
1082,538,120,3,3200,0
1083,538,75,4,1900,100
1084,539,30,1,900,50
1085,539,50,4,1300,0
1086,539,50,3,1500,0
1087,539,200,1,5100,100
1088,540,150,1,3800,200
1089,540,15,2,500,100
1090,540,120,5,3100,300
1091,541,20,5,600,500
1092,542,25,4,800,0
1093,542,10,4,500,200
1094,542,99,3,2700,0
1095,542,25,5,800,0
1096,543,60,4,1700,200
1097,544,10,5,400,0
1098,544,25,1,700,0
1099,544,60,5,1600,50
1100,544,80,1,2200,0
1101,545,120,2,3100,0
1102,545,30,2,800,300
1103,545,45,4,1400,0
1104,545,30,2,800,100
1105,546,30,3,900,0
1106,546,15,3,500,50
1107,546,200,1,5000,0
1108,547,45,3,1300,0
1109,548,15,1,500,50
1110,549,10,4,300,0
1111,549,10,1,300,0
1112,550,45,4,1200,300
1113,550,150,5,4000,0
1114,550,99,1,2500,0
1115,550,20,5,600,0
1116,551,45,3,1300,200
1117,552,50,1,1400,0
1118,552,35,2,1100,0
1119,552,45,1,1300,50
1120,553,150,2,3800,0
1121,553,20,3,600,0
1122,554,60,1,1500,50
1123,554,120,5,3200,200
1124,554,15,1,400,40
1125,555,30,3,900,500
1126,555,150,3,3800,200
1127,555,80,3,2100,50
1128,555,200,2,5100,300
1129,556,60,1,1700,100
1130,556,30,2,800,0
1131,556,30,2,1000,0
1132,556,60,3,1700,0
1133,557,15,3,600,50
1134,557,99,4,2700,0
1135,557,25,1,700,50
1136,557,60,5,1500,0
1137,558,20,2,600,0
1138,558,15,4,500,0
1139,558,120,3,3200,0
1140,558,60,4,1600,200
1141,559,45,2,1400,100
1142,559,60,1,1700,0
1143,559,35,2,1100,0
1144,559,15,3,500,0
1145,560,200,3,5000,50
1146,560,20,2,600,0
1147,560,200,5,5200,200
1148,561,120,2,3200,0
1149,561,120,4,3100,300
1150,561,15,4,600,300
1151,561,150,1,3800,0
1152,562,75,5,2100,0
1153,562,10,1,300,0
1154,563,15,5,400,0
1155,563,75,5,2000,200
1156,563,25,3,900,500
1157,563,200,4,5200,200
1158,564,120,4,3200,0
1159,564,200,3,5200,300
1160,564,30,4,900,0
1161,565,30,5,1000,0
1162,566,75,4,1900,0
1163,566,40,5,1100,0
1164,566,10,4,300,0
1165,567,75,1,2000,0
1166,568,30,5,900,0
1167,568,20,3,600,0
1168,568,50,3,1400,200
1169,569,45,2,1200,0
1170,569,150,3,3800,300
1171,569,15,4,600,300
1172,570,15,3,600,0
1173,570,75,4,2000,0
1174,570,25,1,600,0
1175,571,75,5,2000,0
1176,571,120,5,3200,0
1177,572,15,5,600,0
1178,572,150,5,4000,0
1179,572,40,5,1100,100
1180,573,50,1,1400,0
1181,573,45,1,1300,0
1182,574,25,2,800,0
1183,574,50,1,1300,0
1184,575,50,2,1300,0
1185,576,80,1,2100,0
1186,576,80,2,2000,0
1187,576,80,1,2100,0
1188,577,40,3,1200,500
1189,577,15,1,500,0
1190,577,60,2,1600,0
1191,578,60,1,1700,0
1192,578,45,2,1200,0
1193,579,30,5,900,500
1194,579,99,1,2700,200
1195,580,25,4,700,0
1196,580,20,4,700,0
1197,581,60,2,1700,0
1198,581,80,4,2100,500
1199,582,50,4,1400,0
1200,582,25,5,700,0
1201,582,20,2,600,200
1202,583,50,4,1400,500
1203,583,80,4,2200,300
1204,583,99,1,2700,50
1205,583,45,4,1200,300
1206,584,50,5,1300,0
1207,584,10,2,400,0
1208,585,40,1,1200,100
1209,586,25,4,700,0
1210,586,15,4,500,0
1211,586,75,2,2000,0
1212,586,150,1,3900,0
1213,587,80,2,2100,50
1214,587,200,4,5100,0
1215,587,50,1,1300,0
1216,587,60,5,1700,0
1217,588,45,1,1200,500
1218,588,25,3,800,0
1219,588,75,1,2000,200
1220,588,120,3,3200,0
1221,589,120,4,3100,0
1222,589,35,2,1100,0
1223,590,99,4,2600,200
1224,591,35,5,1100,0
1225,591,45,5,1300,0
1226,591,35,5,1000,0
1227,591,150,1,3900,0
1228,592,35,4,1100,200
1229,593,80,4,2100,100
1230,593,10,1,500,300
1231,594,60,4,1700,300
1232,595,50,2,1400,0
1233,595,40,3,1000,0
1234,596,120,3,3200,100
1235,596,99,5,2500,0
1236,596,150,2,3800,0
1237,596,80,4,2200,0
1238,597,15,2,500,0
1239,597,99,5,2700,0
1240,598,20,3,600,0
1241,598,150,2,3800,0
1242,598,40,5,1200,200
1243,598,75,5,2100,0
1244,599,200,1,5100,0
1245,599,35,5,1000,300
1246,599,10,4,500,0
1247,599,120,4,3200,50
1248,600,25,3,800,300
1249,600,50,3,1400,0
1250,600,50,4,1400,0
1251,600,200,2,5200,0
1252,601,15,3,500,0
1253,601,150,5,3900,0
1254,601,15,2,500,0
1255,601,35,5,1100,0
1256,602,75,2,2000,300
1257,603,15,4,500,0
1258,603,60,5,1600,300
1259,603,30,4,800,100
1260,603,150,1,3900,500
1261,604,10,4,400,0
1262,605,50,4,1300,0
1263,605,45,3,1300,100
1264,605,200,1,5000,0
1265,605,75,3,1900,0
1266,606,10,2,400,0
1267,606,45,2,1200,100
1268,606,75,1,2000,0
1269,607,30,2,800,300
1270,607,60,4,1700,0
1271,607,200,1,5000,300
1272,607,45,4,1200,0
1273,608,99,5,2600,0
1274,608,10,1,300,0
1275,609,15,1,400,0
1276,610,120,3,3000,0
1277,610,40,1,1100,0
1278,610,30,3,800,0
1279,610,80,4,2100,0
1280,611,25,1,700,0
1281,611,35,1,1100,0
1282,612,20,3,700,0
1283,613,10,4,500,0
1284,613,15,4,600,0
1285,613,120,2,3100,50
1286,614,200,5,5200,0
1287,614,30,5,800,0
1288,614,120,1,3100,0
1289,614,30,3,900,100
1290,615,99,5,2700,200
1291,616,30,5,800,0
1292,617,25,1,700,0
1293,617,200,2,5100,0
1294,618,20,2,600,200
1295,618,40,1,1200,300
1296,618,25,5,700,0
1297,618,35,3,1000,0
1298,619,30,2,800,100
1299,619,120,2,3200,50
1300,619,35,5,1100,200
1301,619,30,5,1000,0
1302,620,40,1,1100,0
1303,620,25,4,800,100
1304,620,75,1,2000,200
1305,621,99,3,2500,0
1306,621,120,3,3100,0
1307,621,120,3,3100,0
1308,621,99,2,2500,0
1309,622,20,4,700,100
1310,622,40,1,1100,0
1311,623,75,1,2000,0
1312,623,45,3,1400,300
1313,624,99,2,2600,200
1314,625,35,2,1100,0
1315,626,120,3,3200,0
1316,626,15,4,400,0
1317,627,45,5,1400,200
1318,628,10,1,500,0
1319,628,30,2,800,0
1320,628,150,5,3800,200
1321,628,150,5,3900,200
1322,629,35,1,1000,100
1323,629,35,4,1000,0
1324,629,80,4,2200,500
1325,630,60,5,1600,200
1326,630,20,3,600,500
1327,630,50,5,1500,300
1328,631,60,1,1600,0
1329,631,75,5,2100,300
1330,631,40,1,1100,0
1331,631,50,1,1400,0
1332,632,25,5,800,100
1333,632,30,4,1000,50
1334,632,150,4,3900,300
1335,633,40,3,1200,200
1336,633,45,3,1200,50
1337,633,60,3,1800,0
1338,634,80,5,2000,0
1339,634,80,5,2100,500
1340,634,120,5,3200,500
1341,634,40,5,1100,0
1342,635,75,5,2000,200
1343,635,200,5,5000,200
1344,636,20,1,700,50
1345,636,99,2,2700,300
1346,636,10,2,500,0
1347,636,20,4,700,0
1348,637,60,1,1600,0
1349,637,40,4,1100,500
1350,638,60,5,1700,0
1351,639,75,2,2000,500
1352,640,45,5,1300,0
1353,640,75,2,2100,100
1354,641,30,4,800,500
1355,641,60,5,1700,0
1356,641,10,2,300,0
1357,641,45,2,1300,50
1358,642,120,5,3000,0
1359,642,99,3,2600,100
1360,643,10,5,400,50
1361,643,150,2,3800,0
1362,644,99,5,2500,0
1363,644,35,1,1000,100
1364,645,20,1,600,0
1365,645,50,4,1300,0
1366,646,75,3,2000,0
1367,646,150,2,3900,300
1368,646,15,3,500,300
1369,646,35,5,1000,0
1370,647,200,3,5100,0
1371,648,99,1,2600,0
1372,649,150,3,3900,300
1373,650,50,3,1300,100
1374,650,15,5,600,0
1375,651,60,1,1700,0
1376,651,10,5,500,0
1377,651,15,1,600,50
1378,652,25,1,700,0
1379,652,15,5,500,0
1380,653,10,2,400,0
1381,653,20,4,600,100
1382,653,150,1,3900,50
1383,653,150,3,3800,0
1384,654,75,2,2000,0
1385,654,20,2,600,0
1386,654,35,5,1000,0
1387,655,10,2,400,0
1388,656,25,4,600,0
1389,656,40,2,1200,50
1390,656,75,3,2000,0
1391,656,200,4,5000,500
1392,657,10,2,400,40
1393,657,40,2,1100,0
1394,657,40,5,1100,0
1395,658,60,4,1600,300
1396,659,20,2,600,0
1397,659,60,2,1600,0
1398,660,10,5,400,40
1399,660,25,2,700,0
1400,660,15,4,400,0
1401,660,20,4,600,300
1402,661,60,5,1700,200
1403,661,45,1,1300,500
1404,661,40,5,1200,500
1405,662,30,4,800,0
1406,662,20,4,600,300
1407,662,15,1,500,0
1408,662,30,5,800,200
1409,663,35,2,1100,50
1410,663,200,5,5100,0
1411,664,75,1,2000,0
1412,664,50,5,1300,0
1413,664,150,4,3900,300
1414,665,35,1,900,100
1415,665,35,4,1000,0
1416,666,25,2,800,300
1417,666,45,5,1200,500
1418,666,45,5,1300,500
1419,667,150,3,3900,0
1420,667,50,2,1500,500
1421,667,60,5,1600,0
1422,668,40,5,1200,0
1423,668,25,1,700,500
1424,668,20,4,700,0
1425,668,60,4,1700,0
1426,669,50,3,1300,0
1427,669,10,4,300,50
1428,669,75,1,2000,0
1429,669,20,4,600,500
1430,670,35,4,900,100
1431,670,35,4,1100,0
1432,670,40,3,1200,50
1433,671,200,2,5100,0
1434,671,50,5,1400,500
1435,671,200,1,5200,0
1436,671,35,5,900,0
1437,672,99,1,2600,50
1438,672,99,4,2600,50
1439,673,200,3,5100,0
1440,674,30,2,1000,50
1441,674,50,1,1300,0
1442,674,30,5,1000,0
1443,675,80,1,2200,0
1444,676,25,1,800,0
1445,676,200,5,5200,200
1446,677,80,5,2200,300
1447,677,50,3,1300,0
1448,677,20,2,600,0
1449,677,20,4,600,300
1450,678,40,5,1100,0
1451,678,35,5,1000,0
1452,678,20,2,700,0
1453,679,50,4,1300,300
1454,679,60,5,1600,0
1455,679,45,3,1300,0
1456,680,50,5,1400,0
1457,681,50,5,1400,0
1458,681,200,2,5100,0
1459,682,10,5,500,0
1460,682,80,1,2200,0
1461,683,40,4,1200,0
1462,684,75,3,2100,0
1463,684,20,5,700,0
1464,685,25,4,800,0
1465,685,120,2,3200,0
1466,685,40,4,1100,50
1467,686,15,3,400,0
1468,686,50,2,1300,300
1469,687,60,1,1700,0
1470,688,40,5,1200,0
1471,689,30,4,800,0
1472,690,20,5,700,100
1473,690,60,2,1700,50
1474,690,20,4,700,0
1475,691,50,3,1300,0
1476,691,30,3,900,0
1477,692,200,3,5100,0
1478,692,99,1,2600,50
1479,692,60,1,1600,0
1480,692,35,1,1000,0
1481,693,120,4,3200,100
1482,694,150,2,3800,0
1483,694,80,1,2100,0
1484,694,75,2,1900,0
1485,694,10,3,500,100
1486,695,60,5,1500,100
1487,695,120,1,3100,0
1488,696,150,5,3800,0
1489,697,20,3,700,100
1490,697,80,3,2200,500
1491,697,40,4,1000,0
1492,697,80,5,2200,300
1493,698,120,3,3200,0
1494,699,80,5,2200,0
1495,699,45,1,1200,200
1496,700,150,3,3800,0
1497,700,45,1,1300,200
1498,700,40,2,1100,0
1499,700,120,1,3100,50
1500,701,75,4,2000,0
1501,701,20,2,600,0
1502,702,25,1,700,50
1503,702,50,5,1300,50
1504,703,99,2,2500,300
1505,703,15,5,400,0
1506,703,25,2,700,0
1507,703,35,2,1100,0
1508,704,75,1,1900,0
1509,705,150,4,3800,0
1510,705,25,3,600,0
1511,705,80,4,2100,0
1512,706,75,4,2100,0
1513,707,80,3,2100,0
1514,707,40,5,1200,0
1515,708,150,1,3800,0
1516,708,10,3,400,100
1517,708,60,2,1500,300
1518,709,25,5,800,300
1519,709,20,4,600,0
1520,709,40,2,1200,200
1521,709,40,1,1100,0
1522,710,35,4,1100,0
1523,710,15,3,400,0
1524,711,30,4,1000,200
1525,712,35,5,1000,300
1526,712,20,2,700,0
1527,712,75,4,2100,300
1528,713,200,2,5100,0
1529,713,45,1,1300,100
1530,713,200,4,5100,0
1531,714,80,1,2200,500
1532,714,80,3,2100,300
1533,714,35,3,1000,50
1534,715,10,1,400,0
1535,715,15,2,600,0
1536,715,99,2,2600,0
1537,715,75,5,2100,0
1538,716,200,1,5100,0
1539,716,45,5,1200,0
1540,716,40,5,1100,200
1541,716,200,3,5100,0
1542,717,10,2,400,0
1543,717,20,1,600,50
1544,718,30,2,1000,0
1545,718,10,1,400,0
1546,718,25,3,900,500
1547,718,40,3,1200,0
1548,719,35,3,1100,0
1549,719,150,5,3900,0
1550,719,25,3,700,300
1551,719,120,2,3200,0
1552,720,20,3,600,100
1553,720,20,2,600,0
1554,721,75,2,1900,0
1555,722,99,5,2600,0
1556,722,75,1,2000,0
1557,723,35,1,1000,200
1558,724,200,4,5000,0
1559,725,25,2,800,0
1560,725,30,4,800,50
1561,726,50,4,1300,0
1562,726,80,2,2100,0
1563,726,30,2,800,50
1564,726,75,4,2100,0
1565,727,20,2,700,0
1566,727,75,5,2000,100
1567,727,99,5,2700,0
1568,728,75,2,2100,0
1569,728,20,1,600,200
1570,729,45,4,1200,0
1571,730,30,2,900,0
1572,730,75,1,2000,300
1573,731,80,2,2200,0
1574,731,45,3,1300,0
1575,731,120,2,3200,200
1576,731,75,3,2100,100
1577,732,45,2,1200,0
1578,732,99,1,2700,500
1579,733,10,1,300,200
1580,733,50,1,1300,0
1581,733,120,4,3200,0
1582,733,25,5,700,500
1583,734,45,2,1200,0
1584,735,60,4,1600,0
1585,735,150,1,3900,0
1586,736,45,2,1200,0
1587,737,50,5,1400,0
1588,737,45,1,1400,300
1589,737,45,2,1200,300
1590,737,15,4,400,0
1591,738,40,5,1200,50
1592,738,10,2,500,100
1593,738,120,2,3200,0
1594,738,20,1,700,500
1595,739,50,3,1400,100
1596,739,120,4,3100,100
1597,739,10,4,400,200
1598,740,15,3,500,50
1599,740,150,3,3900,50
1600,741,25,1,800,0
1601,742,10,5,500,0
1602,743,45,1,1200,0
1603,743,10,3,400,300
1604,743,35,2,1000,0
1605,743,99,2,2600,0
1606,744,45,1,1200,0
1607,744,80,3,2200,0
1608,744,120,3,3200,0
1609,744,25,4,800,50
1610,745,40,4,1100,100
1611,745,150,4,3900,0
1612,745,10,2,300,0
1613,746,40,1,1200,200
1614,746,120,1,3000,300
1615,747,200,1,5100,0
1616,747,99,2,2600,0
1617,748,150,3,3800,0
1618,748,60,4,1600,0
1619,748,50,1,1300,100
1620,749,45,3,1200,0
1621,749,120,5,3100,0
1622,749,45,1,1300,0
1623,750,45,2,1300,0
1624,750,40,3,1200,300
1625,750,10,2,400,0
1626,750,50,3,1400,100
1627,751,35,2,1100,50
1628,752,10,2,400,40
1629,752,20,4,700,0
1630,752,60,1,1700,200
1631,753,80,3,2100,0
1632,753,25,2,800,200
1633,753,50,4,1500,0
1634,754,80,5,2200,50
1635,754,10,3,400,0
1636,754,20,4,600,200
1637,754,200,5,5100,200
1638,755,45,4,1400,0
1639,755,35,3,1100,0
1640,755,50,3,1500,0
1641,756,30,3,900,0
1642,756,150,5,3800,500
1643,756,60,4,1700,50
1644,757,150,2,3900,100
1645,757,99,3,2600,300
1646,757,150,3,4000,100
1647,757,75,4,2100,0
1648,758,15,4,600,500
1649,758,10,1,400,100
1650,758,25,3,700,0
1651,758,10,1,300,100
1652,759,40,2,1200,0
1653,759,25,1,700,0
1654,759,75,3,2100,100
1655,759,60,4,1600,50
1656,760,35,2,900,0
1657,760,15,2,500,300
1658,760,200,5,5000,0
1659,761,25,1,800,50
1660,761,35,1,1000,0
1661,761,40,1,1200,50
1662,761,99,5,2700,0
1663,762,20,3,600,50
1664,762,30,1,900,50
1665,762,25,5,900,0
1666,763,15,5,400,0
1667,764,120,3,3200,0
1668,764,150,4,3800,50
1669,764,150,2,3900,0
1670,764,60,1,1600,200
1671,765,20,5,600,50
1672,765,10,2,300,50
1673,765,30,2,1000,0
1674,765,200,1,5200,0
1675,766,30,1,800,0
1676,766,30,2,900,0
1677,766,60,1,1600,200
1678,767,20,1,600,100
1679,767,25,5,800,0
1680,768,25,4,700,100
1681,768,45,1,1400,100
1682,769,200,5,5200,0
1683,769,25,4,700,0
1684,769,60,3,1700,500
1685,769,35,5,1000,100
1686,770,200,3,5100,0
1687,770,150,4,4000,500
1688,770,40,1,1200,0
1689,771,150,5,3800,0
1690,771,30,3,800,0
1691,771,30,3,900,0
1692,771,60,3,1700,300
1693,772,99,3,2600,0
1694,772,200,3,5100,300
1695,772,99,5,2700,0
1696,773,75,4,2000,0
1697,773,40,5,1200,0
1698,773,150,1,3800,300
1699,774,150,2,3800,300
1700,774,20,1,700,50
1701,774,200,5,5100,200
1702,774,99,4,2600,200
1703,775,20,5,600,0
1704,775,150,5,3800,500
1705,775,35,4,1000,0
1706,775,45,3,1300,0
1707,776,50,5,1500,200
1708,777,50,2,1500,0
1709,777,150,1,4000,0
1710,777,60,1,1500,500
1711,778,200,3,5200,0
1712,778,150,4,3900,300
1713,778,60,1,1600,200
1714,779,60,1,1700,0
1715,780,99,3,2700,50
1716,780,200,3,5100,0
1717,781,99,2,2600,0
1718,781,80,4,2000,100
1719,782,200,2,5200,0
1720,782,40,3,1200,0
1721,783,45,2,1200,0
1722,783,80,3,2100,0
1723,784,15,4,600,0
1724,784,25,4,700,200
1725,784,30,2,900,500
1726,784,50,2,1300,300
1727,785,200,2,5200,0
1728,785,120,5,3200,0
1729,786,150,4,3800,100
1730,786,75,4,2000,0
1731,786,150,2,3900,0
1732,786,30,4,800,100
1733,787,75,4,2000,300
1734,787,150,3,3800,0
1735,787,30,2,900,0
1736,788,15,1,500,0
1737,789,75,3,2000,500
1738,789,40,4,1200,200
1739,789,60,1,1700,0
1740,789,20,1,600,0
1741,790,50,5,1300,0
1742,790,35,2,1000,0
1743,791,30,1,800,300
1744,792,40,4,1100,50
1745,792,10,5,300,30
1746,792,150,1,3900,500
1747,793,50,1,1400,100
1748,794,150,1,3800,0
1749,794,50,1,1400,100
1750,794,150,4,3800,0
1751,795,10,1,400,0
1752,796,20,2,700,0
1753,797,200,1,5200,0
1754,797,99,3,2500,0
1755,797,60,4,1700,500
1756,798,10,2,300,0
1757,798,30,5,1000,200
1758,798,50,2,1400,200
1759,799,30,4,800,100
1760,799,120,4,3100,0
1761,800,25,5,800,0
1762,801,150,4,3900,0
1763,802,120,5,3000,0
1764,802,200,2,5100,0
1765,802,80,1,2200,0
1766,802,75,4,2000,100
1767,803,35,3,1100,0
1768,804,200,1,5200,0
1769,804,75,2,2000,0
1770,804,25,1,700,500
1771,805,35,2,1100,0
1772,805,200,4,5100,0
1773,806,15,5,500,200
1774,806,25,2,700,50
1775,807,80,1,2100,300
1776,807,45,2,1300,0
1777,807,200,5,5200,0
1778,807,10,1,300,200
1779,808,35,2,1000,0
1780,809,15,2,500,50
1781,809,200,4,5200,0
1782,809,80,4,2200,50
1783,809,20,4,700,0
1784,810,60,2,1600,50
1785,810,25,4,700,500
1786,810,99,2,2700,100
1787,811,20,4,500,0
1788,811,15,5,600,0
1789,811,60,4,1600,0
1790,811,10,1,400,0
1791,812,25,5,700,300
1792,812,25,2,700,0
1793,813,20,4,500,100
1794,814,80,4,2100,0
1795,814,200,3,5200,300
1796,814,75,1,2000,200
1797,815,40,2,1100,0
1798,816,20,5,600,0
1799,816,25,2,800,300
1800,816,10,5,400,0
1801,817,30,2,900,0
1802,818,20,2,500,200
1803,818,25,1,700,300
1804,819,60,2,1600,0
1805,820,20,3,700,50
1806,821,10,5,300,200
1807,821,50,2,1400,0
1808,821,25,3,800,500
1809,821,200,2,5200,500
1810,822,25,3,800,0
1811,823,80,2,2200,300
1812,823,60,2,1700,0
1813,824,40,3,1100,500
1814,824,60,3,1700,100
1815,824,35,3,1000,0
1816,825,200,1,5100,0
1817,825,15,4,600,0
1818,825,75,1,2100,0
1819,825,30,1,800,100
1820,826,150,4,3800,0
1821,826,99,2,2700,300
1822,826,150,4,4000,50
1823,827,10,2,500,0
1824,827,50,2,1500,300
1825,827,200,3,5100,500
1826,827,200,3,5100,200
1827,828,60,3,1600,0
1828,828,20,2,700,0
1829,828,40,4,1200,0
1830,828,30,1,800,0
1831,829,80,1,2100,50
1832,829,99,3,2600,0
1833,829,60,1,1600,0
1834,829,200,5,5100,0
1835,830,99,5,2600,0
1836,830,25,5,800,200
1837,831,99,4,2500,100
1838,831,30,4,1000,500
1839,832,120,3,3100,0
1840,833,25,4,900,0
1841,834,120,4,3200,0
1842,835,45,1,1200,0
1843,835,40,3,1000,0
1844,836,120,4,3100,0
1845,836,25,4,800,0
1846,837,60,1,1600,50
1847,837,60,2,1600,300
1848,837,35,3,1000,0
1849,837,35,4,1000,100
1850,838,200,1,5100,200
1851,838,40,4,1200,0
1852,839,99,4,2500,300
1853,839,75,4,2000,0
1854,840,150,5,4000,0
1855,840,40,2,1100,100
1856,840,200,2,5200,0
1857,841,150,1,4000,0
1858,841,99,1,2600,500
1859,842,10,2,400,200
1860,842,99,5,2700,0
1861,842,45,3,1200,500
1862,842,10,2,500,0
1863,843,60,3,1700,0
1864,844,120,3,3100,300
1865,844,10,1,500,50
1866,845,25,3,700,50
1867,845,50,4,1400,0
1868,845,20,4,600,0
1869,845,35,1,1000,50
1870,846,60,5,1700,0
1871,847,25,5,700,0
1872,848,80,5,2100,50
1873,848,10,5,400,0
1874,848,25,2,700,0
1875,848,80,3,2200,100
1876,849,10,4,400,0
1877,850,30,2,900,0
1878,850,75,5,1900,0
1879,850,200,3,5100,0
1880,851,35,4,1100,200
1881,851,15,5,600,50
1882,851,10,4,500,50
1883,851,200,2,5200,100
1884,852,40,3,1100,200
1885,852,150,2,3900,0
1886,852,45,1,1300,200
1887,853,200,4,5100,0
1888,854,45,3,1300,50
1889,854,10,3,400,100
1890,855,99,1,2700,0
1891,855,45,3,1200,300
1892,855,10,3,300,0
1893,855,60,3,1700,0
1894,856,150,4,3900,300
1895,856,25,1,800,50
1896,856,25,1,800,0
1897,857,75,2,2000,200
1898,857,40,3,1100,0
1899,858,45,1,1300,0
1900,859,60,5,1600,0
1901,859,20,3,600,50
1902,859,15,1,500,200
1903,859,200,3,5200,0
1904,860,30,3,800,0
1905,860,60,5,1700,500
1906,861,20,4,600,0
1907,862,30,1,1000,0
1908,862,45,5,1200,100
1909,862,20,1,600,50
1910,863,80,2,2100,0
1911,864,60,4,1600,500
1912,864,10,2,400,0
1913,864,35,2,1100,0
1914,864,20,2,700,0
1915,865,30,4,800,500
1916,866,35,5,900,100
1917,866,35,4,900,0
1918,866,60,1,1700,0
1919,867,45,1,1300,0
1920,867,120,3,3200,200
1921,867,60,4,1700,0
1922,868,40,3,1100,0
1923,869,10,3,300,50
1924,870,120,4,3200,0
1925,870,10,1,300,50
1926,871,99,2,2600,0
1927,871,99,2,2500,300
1928,871,75,3,2100,0
1929,872,50,2,1500,50
1930,872,60,4,1700,0
1931,873,75,4,1900,0
1932,873,25,2,800,50
1933,873,60,4,1600,0
1934,873,35,4,1100,0
1935,874,45,5,1200,50
1936,874,20,1,600,0
1937,875,10,3,400,100
1938,875,80,3,2200,0
1939,875,60,4,1700,0
1940,876,60,3,1600,50
1941,877,50,4,1500,0
1942,877,60,3,1700,0
1943,877,20,3,700,0
1944,878,60,2,1700,0
1945,878,50,5,1300,500
1946,878,25,5,700,0
1947,878,45,3,1400,0
1948,879,20,2,500,0
1949,879,120,5,3200,50
1950,879,10,5,400,0
1951,880,25,4,800,0
1952,880,30,2,900,0
1953,880,75,3,2100,300
1954,881,10,1,400,0
1955,881,80,4,2100,0
1956,881,80,2,2200,0
1957,882,50,4,1300,0
1958,883,35,4,1000,200
1959,883,200,3,5200,0
1960,883,40,1,1200,100
1961,884,120,2,3200,0
1962,884,60,1,1700,0
1963,885,99,5,2600,500
1964,885,35,1,1000,0
1965,885,120,4,3000,0
1966,886,25,2,700,200
1967,886,120,1,3100,500
1968,886,10,5,500,200
1969,886,15,4,500,300
1970,887,20,5,700,0
1971,887,10,2,400,0
1972,888,45,3,1400,0
1973,888,15,2,400,0
1974,888,20,5,700,0
1975,888,30,3,900,300
1976,889,10,2,400,300
1977,889,150,2,3900,300
1978,889,45,2,1300,300
1979,889,30,3,900,0
1980,890,50,5,1500,0
1981,890,99,5,2600,200
1982,890,200,5,5200,50
1983,891,30,5,800,500
1984,892,10,1,400,0
1985,892,40,5,1100,0
1986,892,120,5,3200,0
1987,893,75,3,1900,0
1988,893,99,4,2600,0
1989,893,40,1,1200,0
1990,894,15,2,600,0
1991,894,30,2,800,0
1992,894,15,4,500,0
1993,894,40,4,1000,300
1994,895,80,1,2200,50
1995,895,99,4,2700,0
1996,895,75,2,1900,0
1997,895,50,4,1500,0
1998,896,99,1,2500,100
1999,897,40,2,1000,0
2000,897,35,1,1000,500
2001,897,99,4,2500,0
2002,897,99,2,2600,0
2003,898,35,5,900,50
2004,898,60,5,1700,0
2005,898,25,5,700,500
2006,898,15,3,400,0
2007,899,20,2,600,0
2008,900,150,4,3900,0
2009,901,75,4,1900,0
2010,901,50,5,1400,0
2011,901,120,3,3200,0
2012,901,15,1,500,0
2013,902,75,4,2100,0
2014,902,40,4,1100,0
2015,902,50,5,1300,0
2016,903,25,2,800,0
2017,903,25,3,700,0
2018,904,50,4,1500,0
2019,904,45,4,1200,300
2020,904,10,5,500,50
2021,904,30,1,800,300
2022,905,60,1,1700,300
2023,905,20,3,500,300
2024,906,200,3,5100,500
2025,906,80,5,2100,50
2026,907,99,4,2500,0
2027,907,20,2,700,0
2028,907,60,2,1700,0
2029,908,120,2,3200,200
2030,909,50,1,1300,0
2031,909,99,3,2700,0
2032,909,80,5,2100,0
2033,910,50,1,1400,300
2034,910,99,4,2700,50
2035,910,80,5,2200,0
2036,911,40,3,1200,0
2037,911,35,2,900,0
2038,912,120,2,3200,50
2039,913,30,2,900,500
2040,913,60,1,1700,0
2041,913,10,1,400,0
2042,913,50,3,1400,50
2043,914,200,3,5100,0
2044,914,99,1,2700,0
2045,914,60,4,1600,0
2046,915,99,2,2600,0
2047,916,75,1,2000,0
2048,917,25,2,700,500
2049,917,60,4,1600,200
2050,918,15,3,500,200
2051,918,120,3,3100,100
2052,919,60,1,1600,500
2053,919,80,4,2200,100
2054,919,40,5,1000,0
2055,919,30,2,900,0
2056,920,200,1,5000,0
2057,921,30,2,900,300
2058,922,150,3,3900,300
2059,922,35,3,1100,0
2060,922,50,5,1300,50
2061,923,60,2,1700,0
2062,924,75,5,2000,0
2063,924,30,3,900,500
2064,924,10,3,400,300
2065,925,120,1,3100,0
2066,925,50,3,1400,500
2067,925,60,4,1700,50
2068,926,50,4,1300,0
2069,926,75,3,1900,0
2070,927,15,4,500,0
2071,927,120,2,3000,0
2072,927,99,3,2600,0
2073,927,15,5,400,300
2074,928,50,2,1400,0
2075,928,30,5,900,0
2076,928,20,5,600,0
2077,929,50,4,1400,500
2078,930,50,1,1500,0
2079,931,40,5,1100,0
2080,931,40,2,1100,200
2081,931,30,5,900,300
2082,931,45,2,1200,0
2083,932,15,1,500,0
2084,933,20,5,500,300
2085,933,120,5,3100,0
2086,934,35,3,900,0
2087,934,50,1,1500,0
2088,935,30,5,900,0
2089,936,75,2,2100,0
2090,936,200,3,5200,0
2091,936,25,3,800,300
2092,937,80,3,2000,100
2093,937,25,1,900,300
2094,937,40,1,1000,0
2095,937,50,4,1300,0
2096,938,50,1,1500,0
2097,938,25,2,700,0
2098,939,30,5,1000,0
2099,939,99,2,2600,0
2100,939,10,1,300,30
2101,939,30,2,800,300
2102,940,99,1,2600,50
2103,940,50,4,1500,300
2104,940,15,5,600,0
2105,940,50,2,1300,0
2106,941,120,5,3100,0
2107,942,120,2,3000,0
2108,943,40,2,1000,300
2109,943,45,2,1300,0
2110,944,60,3,1700,0
2111,944,20,3,800,300
2112,944,99,5,2500,0
2113,945,150,4,3800,0
2114,945,35,1,1000,500
2115,946,15,3,500,0
2116,946,30,2,800,200
2117,946,200,1,5100,0
2118,946,20,2,600,0
2119,947,75,2,2000,50
2120,947,25,5,800,200
2121,947,25,1,800,200
2122,948,150,5,3900,0
2123,948,10,3,500,300
2124,948,75,1,1900,100
2125,948,75,1,2000,0
2126,949,40,1,1200,0
2127,949,45,3,1300,0
2128,950,50,1,1300,200
2129,950,200,4,5100,0
2130,950,15,3,400,40
2131,950,60,2,1500,0
2132,951,15,3,600,0
2133,951,15,5,500,0
2134,951,30,5,900,0
2135,951,20,2,700,0
2136,952,40,3,1100,100
2137,952,150,1,3800,200
2138,953,40,3,1200,0
2139,953,15,1,500,0
2140,953,10,4,400,300
2141,954,25,1,800,0
2142,955,80,4,2000,0
2143,955,40,5,1200,0
2144,955,75,3,2000,0
2145,956,120,5,3200,300
2146,956,60,3,1700,0
2147,956,150,4,3900,0
2148,957,50,4,1400,0
2149,957,35,3,900,500
2150,957,60,5,1700,50
2151,957,99,4,2700,50
2152,958,45,2,1200,0
2153,958,10,2,500,0
2154,958,150,3,3900,0
2155,958,20,1,700,300
2156,959,80,5,2100,0
2157,959,99,2,2500,0
2158,960,60,4,1500,0
2159,960,80,1,2000,500
2160,960,10,4,500,300
2161,960,20,3,600,50
2162,961,45,3,1200,50
2163,962,35,3,900,300
2164,962,10,2,400,0
2165,962,75,3,1900,200
2166,963,50,5,1300,0
2167,963,45,2,1400,0
2168,964,45,5,1200,0
2169,964,80,5,2100,0
2170,965,20,5,700,500
2171,965,20,5,600,0
2172,965,35,1,900,0
2173,966,25,3,800,50
2174,966,10,5,400,0
2175,967,20,1,700,0
2176,967,150,2,3800,100
2177,968,25,1,700,0
2178,969,99,5,2700,200
2179,969,30,2,900,0
2180,969,40,5,1100,300
2181,970,80,3,2000,500
2182,970,200,1,5200,0
2183,970,75,4,2000,0
2184,970,99,3,2600,200
2185,971,20,2,700,0
2186,971,60,2,1700,0
2187,972,150,4,3900,50
2188,973,99,2,2600,50
2189,973,200,1,5000,0
2190,973,50,2,1400,0
2191,974,40,2,1100,100
2192,974,80,4,2200,0
2193,974,40,3,1200,0
2194,975,50,3,1500,0
2195,976,25,1,900,0
2196,976,75,1,2100,0
2197,976,75,2,2100,200
2198,976,150,3,3900,500
2199,977,60,1,1600,0
2200,977,35,1,1000,0
2201,977,35,5,900,0
2202,978,200,5,5100,0
2203,978,45,5,1400,0
2204,978,25,1,900,0
2205,979,50,4,1400,500
2206,979,20,1,600,0
2207,979,40,3,1000,0
2208,980,99,5,2700,0
2209,980,120,3,3000,0
2210,980,25,3,700,50
2211,981,80,3,2100,200
2212,982,50,4,1400,100
2213,982,99,5,2600,0
2214,983,30,5,900,0
2215,983,40,4,1100,0
2216,984,50,2,1400,0
2217,984,35,3,1100,0
2218,985,200,4,5100,100
2219,985,30,3,900,0
2220,986,10,1,400,0
2221,987,120,4,3100,300
2222,988,20,4,600,50
2223,988,30,3,1000,500
2224,989,35,1,900,0
2225,989,75,1,2100,0
2226,989,120,2,3200,0
2227,990,10,1,400,200
2228,990,60,4,1500,0
2229,990,35,4,1000,50
2230,990,120,4,3100,0
2231,991,25,2,700,200
2232,991,25,5,900,0
2233,991,60,3,1700,50
2234,992,75,5,2100,0
2235,992,20,3,600,0
2236,993,20,2,600,0
2237,993,40,3,1100,0
2238,993,99,3,2700,0
2239,994,200,4,5100,0
2240,994,40,1,1100,0
2241,995,75,4,2000,0
2242,995,150,1,3900,100
2243,995,40,2,1100,0
2244,996,35,4,900,200
2245,997,200,3,5200,100
2246,997,75,5,2100,200
2247,997,15,1,600,0
2248,997,60,1,1700,0
2249,998,75,3,2000,0
2250,998,80,4,2100,0
2251,998,200,5,5000,300
2252,998,15,2,500,0
2253,999,45,2,1200,50
2254,1000,75,2,2000,100
2255,1000,15,1,500,0
2256,1001,15,5,500,0
2257,1001,35,5,1000,500
2258,1002,150,1,3900,50
2259,1003,10,2,500,50
2260,1003,200,4,5200,200
2261,1003,10,1,400,0
2262,1003,40,5,1100,200
2263,1004,50,3,1400,100
2264,1005,200,5,5100,300
2265,1005,50,1,1400,500
2266,1005,30,4,800,0
2267,1005,45,3,1300,300
2268,1006,75,1,2100,0
2269,1006,15,5,400,0
2270,1007,80,2,2100,0
2271,1007,50,3,1400,0
2272,1008,10,4,400,200
2273,1008,120,1,3100,0
2274,1008,60,3,1500,200
2275,1008,80,4,2000,100
2276,1009,50,3,1400,0
2277,1010,200,1,5200,0
2278,1010,50,2,1300,100
2279,1011,10,4,500,300
2280,1012,120,1,3200,100
2281,1013,150,2,4000,0
2282,1013,25,1,800,0
2283,1013,80,3,2000,0
2284,1013,75,4,2000,0
2285,1014,120,4,3100,0
2286,1014,150,5,3900,100
2287,1014,25,1,900,0
2288,1014,20,2,600,200
2289,1015,50,5,1400,0
2290,1015,60,4,1700,0
2291,1016,200,4,5200,200
2292,1016,30,2,1000,0
2293,1017,40,5,1100,100
2294,1017,75,2,2000,0
2295,1018,200,1,5100,0
2296,1018,120,1,3100,0
2297,1018,60,2,1500,0
2298,1019,80,3,2200,0
2299,1019,80,2,2000,0
2300,1019,15,5,600,0
2301,1019,99,5,2500,100
2302,1020,200,5,5000,0
2303,1020,99,5,2700,0
2304,1021,25,5,800,0
2305,1022,99,3,2600,300
2306,1022,20,1,500,50
2307,1022,75,3,2000,100
2308,1023,120,3,3100,0
2309,1023,80,4,2100,0
2310,1023,50,5,1400,0
2311,1023,35,2,1000,0
2312,1024,45,1,1200,200
2313,1024,60,3,1600,200
2314,1024,120,3,3200,0
2315,1025,75,3,2000,300
2316,1026,200,4,5100,0
2317,1026,60,2,1600,100
2318,1027,60,5,1700,0
2319,1028,120,1,3100,0
2320,1028,20,2,600,0
2321,1028,80,2,2000,0
2322,1028,99,1,2600,0
2323,1029,99,5,2600,0
2324,1029,150,2,4000,0
2325,1029,200,1,5200,0
2326,1030,150,5,3900,0
2327,1030,80,3,2100,0
2328,1030,10,5,400,0
2329,1031,150,4,3800,0
2330,1031,75,3,1900,100
2331,1031,80,1,2200,0
2332,1031,60,4,1800,0
2333,1032,80,5,2200,500
2334,1033,15,2,500,0
2335,1033,10,3,400,300
2336,1033,25,2,700,0
2337,1033,15,2,600,50
2338,1034,15,5,600,0
2339,1034,40,4,1200,50
2340,1034,120,1,3100,100
2341,1035,99,4,2700,500
2342,1035,45,4,1200,200
2343,1035,75,4,2100,500
2344,1035,45,1,1300,300
2345,1036,45,1,1200,300
2346,1036,10,1,300,0
2347,1036,35,1,900,0
2348,1036,75,2,2000,0
2349,1037,60,2,1600,500
2350,1038,99,5,2600,0
2351,1038,25,1,900,0
2352,1038,25,5,700,0
2353,1039,35,5,1000,0
2354,1039,45,1,1300,0
2355,1039,150,2,3800,0
2356,1039,120,2,3000,0
2357,1040,45,4,1200,0
2358,1040,45,3,1300,0
2359,1040,10,1,300,30
2360,1041,75,3,2100,0
2361,1041,25,5,800,300
2362,1041,25,4,700,200
2363,1041,200,2,5000,0
2364,1042,80,1,2200,50
2365,1043,10,3,400,50
2366,1044,15,1,500,300
2367,1045,45,5,1300,100
2368,1045,10,4,300,100
2369,1046,200,5,5200,0
2370,1046,150,1,3900,0
2371,1047,120,4,3100,0
2372,1048,45,3,1300,0
2373,1048,30,3,800,0
2374,1048,15,5,600,0
2375,1048,40,2,1100,0
2376,1049,200,3,5100,0
2377,1050,15,1,500,0
2378,1050,150,1,3900,0
2379,1051,25,3,800,0
2380,1051,60,2,1700,0
2381,1051,30,1,1000,300
2382,1052,50,2,1300,0
2383,1053,99,3,2600,0
2384,1054,99,1,2700,0
2385,1055,10,1,400,40
2386,1056,35,5,1000,500
2387,1057,10,3,400,200
2388,1057,50,5,1300,0
2389,1058,15,5,500,0
2390,1058,99,5,2600,0
2391,1058,15,4,500,0
2392,1059,99,3,2700,0
2393,1059,25,2,800,200
2394,1059,120,4,3100,0
2395,1060,60,1,1700,0
2396,1060,99,4,2500,0
2397,1061,150,5,3900,100
2398,1062,75,4,2000,0
2399,1062,200,1,5200,0
2400,1062,20,4,600,0
2401,1062,150,5,4000,0
2402,1063,25,4,700,0
2403,1063,99,5,2700,0
2404,1063,20,5,700,0
2405,1063,99,2,2500,0
2406,1064,20,4,700,0
2407,1064,15,2,500,50
2408,1064,20,2,700,300
2409,1065,30,2,800,50
2410,1065,99,3,2600,200
2411,1065,20,4,600,500
2412,1065,40,2,1200,0
2413,1066,40,1,1100,200
2414,1066,35,2,1000,500
2415,1066,99,2,2600,0
2416,1067,80,4,2200,0
2417,1067,45,3,1300,0
2418,1067,35,2,1100,0
2419,1067,60,2,1600,50
2420,1068,200,4,5000,0
2421,1069,75,4,2100,0
2422,1070,80,3,2100,500
2423,1071,120,5,3200,100
2424,1072,50,5,1400,100
2425,1072,40,5,1200,0
2426,1072,15,1,600,0
2427,1073,30,3,900,0
2428,1074,60,3,1700,0
2429,1075,45,4,1200,0
2430,1075,60,5,1500,0
2431,1075,99,1,2700,0
2432,1075,99,4,2600,0
2433,1076,80,1,2000,0
2434,1076,30,3,900,0
2435,1076,15,5,500,0
2436,1077,45,5,1200,500
2437,1078,30,2,1000,200
2438,1079,75,5,2000,500
2439,1080,35,5,1100,0
2440,1080,10,2,500,0
2441,1080,10,3,300,30
2442,1081,40,2,1100,300
2443,1082,99,5,2600,50
2444,1082,10,5,300,0
2445,1082,150,5,3900,200
2446,1083,120,3,3100,500
2447,1083,35,3,900,0
2448,1083,10,3,300,0
2449,1083,45,4,1200,300
2450,1084,120,1,3000,0
2451,1084,45,3,1200,300
2452,1084,150,3,3900,500
2453,1084,200,5,5000,0
2454,1085,99,3,2600,500
2455,1085,200,3,5100,0
2456,1085,10,3,400,0
2457,1086,99,1,2500,0
2458,1086,15,2,600,0
2459,1087,80,1,2000,0
2460,1087,20,5,700,0
2461,1088,20,5,700,0
2462,1088,150,2,4000,300
2463,1088,40,1,1100,0
2464,1089,80,4,2100,0
2465,1089,60,3,1600,100
2466,1089,20,1,600,0
2467,1089,50,4,1400,0
2468,1090,45,3,1200,0
2469,1090,40,5,1000,300
2470,1090,20,1,700,0
2471,1091,99,3,2600,0
2472,1092,35,5,1000,0
2473,1092,60,1,1700,50
2474,1092,35,5,1100,500
2475,1092,30,4,800,50
2476,1093,120,1,3100,0
2477,1093,30,2,1000,0
2478,1094,15,4,600,0
2479,1094,15,4,600,0
2480,1094,150,4,3800,0
2481,1094,10,2,500,0
2482,1095,60,5,1600,300
2483,1095,60,3,1700,0
2484,1096,30,2,1000,0
2485,1096,99,5,2700,0
2486,1096,15,1,500,200
2487,1097,80,3,2100,0
2488,1097,35,5,1000,0
2489,1097,80,2,2200,0
2490,1098,30,5,800,500
2491,1098,45,4,1300,0
2492,1098,35,1,1000,0
2493,1099,35,1,1100,200
2494,1099,120,5,3100,0
2495,1099,80,4,2000,500
2496,1099,20,2,700,0
2497,1100,30,2,900,0
2498,1100,200,5,5200,300
2499,1101,40,3,1100,200
2500,1102,30,4,800,0
2501,1102,10,4,400,200
2502,1102,15,3,600,0
2503,1102,25,1,800,200
2504,1103,45,2,1300,0
2505,1103,50,1,1400,300
2506,1103,50,2,1400,500
2507,1103,60,5,1700,200
2508,1104,120,2,3200,100
2509,1104,10,5,300,0
2510,1104,99,2,2700,0
2511,1104,200,5,5100,100
2512,1105,45,2,1300,300
2513,1106,50,4,1400,200
2514,1106,99,1,2500,300
2515,1106,10,1,400,300
2516,1107,45,2,1300,0
2517,1107,35,1,900,0
2518,1108,10,5,500,0
2519,1109,50,1,1500,0
2520,1109,99,4,2600,0
2521,1109,150,4,3800,0
2522,1109,25,1,700,300
2523,1110,80,4,2200,0
2524,1110,15,1,500,50
2525,1110,20,1,700,0
2526,1111,15,3,500,0
2527,1111,25,1,700,0
2528,1111,25,4,900,0
2529,1111,99,5,2500,0
2530,1112,99,4,2600,0
2531,1112,60,3,1700,50
2532,1113,150,5,3800,0
2533,1114,25,1,700,0
2534,1114,10,3,500,200
2535,1114,45,2,1300,0
2536,1115,20,4,700,500
2537,1115,150,5,3800,500
2538,1115,30,5,1000,0
2539,1115,20,2,700,0
2540,1116,150,4,3900,0
2541,1116,50,3,1300,0
2542,1116,99,2,2700,500
2543,1117,60,1,1500,50
2544,1117,20,5,700,0
2545,1117,15,4,500,0
2546,1117,75,1,2000,0
2547,1118,25,5,700,100
2548,1118,200,1,5200,50
2549,1118,15,2,600,200
2550,1118,20,4,600,0
2551,1119,99,2,2600,300
2552,1120,99,5,2600,0
2553,1120,80,1,2200,0
2554,1121,35,3,1000,200
2555,1122,20,5,600,50
2556,1122,40,3,1100,200
2557,1122,15,4,400,0
2558,1122,35,3,1000,0
2559,1123,35,4,1000,200
2560,1123,10,3,300,0
2561,1123,60,4,1700,0
2562,1123,120,1,3100,50
2563,1124,30,3,900,0
2564,1125,200,3,5200,0
2565,1126,75,3,1900,0
2566,1126,20,5,500,50
2567,1126,99,3,2700,0
2568,1126,10,4,300,0
2569,1127,50,1,1300,0
2570,1127,50,4,1400,300
2571,1127,45,3,1300,0
2572,1127,150,5,3800,0
2573,1128,20,2,700,300
2574,1128,60,3,1700,300
2575,1129,35,2,1000,0
2576,1129,150,1,4000,0
2577,1129,40,1,1200,0
2578,1129,20,4,600,300
2579,1130,75,4,2000,100
2580,1130,30,3,900,100
2581,1131,120,4,3200,500
2582,1132,35,3,1100,300
2583,1133,40,1,1200,0
2584,1133,80,1,2200,500
2585,1133,99,1,2700,0
2586,1134,10,3,400,0
2587,1134,45,3,1200,0
2588,1135,15,5,400,300
2589,1135,40,1,1100,0
2590,1135,75,1,2000,200
2591,1136,30,2,900,0
2592,1136,15,3,600,0
2593,1136,40,1,1100,50
2594,1137,50,2,1400,0
2595,1137,60,5,1600,100
2596,1137,10,3,300,0
2597,1138,25,3,800,0
2598,1138,60,3,1600,0
2599,1139,80,4,2100,0
2600,1139,45,5,1400,0
2601,1140,40,3,1200,0
2602,1140,120,2,3100,50
2603,1140,15,5,500,0
2604,1140,99,1,2600,50
2605,1141,40,2,1100,100
2606,1141,30,4,900,300
2607,1142,45,1,1200,100
2608,1142,10,1,500,0
2609,1142,10,5,400,50
2610,1142,35,5,1100,0
2611,1143,30,3,900,0
2612,1143,45,3,1200,0
2613,1144,60,2,1700,500
2614,1144,150,3,3800,500
2615,1144,40,4,1200,0
2616,1145,35,2,1000,200
2617,1145,10,4,400,0
2618,1145,150,1,3900,0
2619,1145,150,5,3900,300
2620,1146,45,1,1300,300
2621,1146,75,4,2000,0
2622,1146,80,2,2200,0
2623,1146,200,2,5100,100
2624,1147,200,3,5200,0
2625,1147,60,3,1700,200
2626,1147,45,1,1300,0
2627,1148,75,1,1900,200
2628,1148,25,1,800,300
2629,1148,120,1,3200,0
2630,1149,40,5,1200,0
2631,1150,200,3,5200,0
2632,1151,30,4,900,0
2633,1151,40,4,1000,200
2634,1151,75,1,2100,0
2635,1151,150,2,3900,0
2636,1152,35,2,1000,0
2637,1152,150,4,3800,0
2638,1152,99,5,2700,100
2639,1153,25,4,800,500
2640,1153,120,4,3100,300
2641,1153,40,1,1200,500
2642,1154,200,2,5000,50
2643,1154,50,2,1500,0
2644,1154,40,5,1200,50
2645,1155,25,3,800,100
2646,1156,35,5,1100,0
2647,1156,75,1,2000,0
2648,1156,20,1,500,0
2649,1156,150,5,4000,0
2650,1157,15,5,400,0
2651,1157,60,3,1700,50
2652,1158,30,4,800,0
2653,1159,25,2,700,0
2654,1159,50,5,1400,0
2655,1160,40,2,1100,200
2656,1161,45,1,1300,0
2657,1161,80,2,2100,0
2658,1161,35,3,1100,0
2659,1162,30,3,1000,500
2660,1162,15,5,500,0
2661,1162,80,2,2100,0
2662,1163,30,1,800,0
2663,1163,150,5,3800,500
2664,1163,60,4,1700,500
2665,1163,200,3,5200,500
2666,1164,50,1,1500,0
2667,1164,20,1,700,300
2668,1165,10,2,300,0
2669,1166,20,1,700,0
2670,1167,99,1,2600,300
2671,1167,200,1,5200,50
2672,1167,25,2,700,0
2673,1168,120,5,3000,200
2674,1169,25,3,800,50
2675,1170,200,5,5100,0
2676,1170,15,1,600,0
2677,1170,60,3,1700,0
2678,1170,30,4,800,50
2679,1171,75,1,2000,100
2680,1172,45,3,1300,0
2681,1173,10,5,300,0
2682,1173,150,3,3900,0
2683,1173,50,3,1400,300
2684,1173,30,5,900,50
2685,1174,50,5,1300,0
2686,1174,200,4,5200,500
2687,1174,200,3,5100,0
2688,1174,99,3,2600,500
2689,1175,200,5,5200,0
2690,1175,50,5,1300,500
2691,1176,200,3,5100,0
2692,1177,80,1,2100,0
2693,1177,30,4,800,0
2694,1177,60,4,1700,0
2695,1177,10,3,300,100
2696,1178,150,3,3900,0
2697,1178,40,2,1100,0
2698,1178,50,2,1300,0
2699,1178,45,4,1200,0
2700,1179,30,2,800,0
2701,1179,50,5,1300,0
2702,1179,20,5,700,0
2703,1179,15,2,500,50
2704,1180,60,4,1700,100
2705,1180,20,5,600,0
2706,1181,30,5,1000,500
2707,1181,200,2,5200,0
2708,1181,80,4,2000,0
2709,1181,25,4,800,200
2710,1182,35,4,1000,0
2711,1183,40,3,1200,0
2712,1183,50,3,1400,500
2713,1183,200,4,5100,0
2714,1183,10,5,400,40
2715,1184,30,3,1000,0
2716,1184,35,2,1000,50
2717,1184,120,4,3100,0
2718,1184,10,1,400,0
2719,1185,20,4,700,0
2720,1186,30,3,900,0
2721,1186,10,4,300,200
2722,1187,20,3,500,0
2723,1187,45,5,1400,0
2724,1188,120,3,3100,500
2725,1189,25,1,700,500
2726,1190,40,1,1200,0
2727,1190,25,3,700,0
2728,1190,15,5,600,500
2729,1190,99,1,2700,0
2730,1191,99,1,2700,500
2731,1192,120,3,3200,0
2732,1192,50,3,1400,0
2733,1193,35,2,1100,50
2734,1194,45,2,1300,500
2735,1194,99,2,2600,0
2736,1194,35,4,1100,100
2737,1195,15,3,600,0
2738,1195,35,5,900,500
2739,1195,99,2,2600,200
2740,1195,200,3,5200,0
2741,1196,20,4,500,0
2742,1196,30,2,800,50
2743,1196,25,4,900,300
2744,1196,10,5,500,0
2745,1197,40,3,1200,100
2746,1197,50,2,1400,0
2747,1197,25,4,800,100
2748,1198,15,5,600,100
2749,1198,15,1,400,0
2750,1198,30,1,1000,0
2751,1198,20,3,600,300
2752,1199,99,1,2600,0
2753,1199,80,2,2100,200
2754,1200,99,4,2700,0
2755,1200,25,3,900,0
2756,1200,20,5,600,300
2757,1201,45,4,1300,500
2758,1201,150,2,3800,300
2759,1201,30,4,1000,500
2760,1202,10,2,300,0
2761,1202,25,1,800,0
2762,1203,40,3,1100,50
2763,1203,50,2,1300,0
2764,1203,60,4,1700,0
2765,1203,75,2,2000,0
2766,1204,150,5,3800,0
2767,1204,200,5,5000,0
2768,1205,60,5,1600,200
2769,1205,80,5,2100,0
2770,1206,75,1,2000,100
2771,1206,120,5,3200,0
2772,1207,150,1,3800,500
2773,1207,75,2,2000,0
2774,1208,45,4,1300,0
2775,1209,50,4,1500,0
2776,1209,20,2,500,50
2777,1210,50,5,1400,0
2778,1211,20,1,800,0
2779,1211,80,4,2100,0
2780,1211,15,5,600,0
2781,1212,200,5,5100,0
2782,1213,25,5,800,0
2783,1213,20,3,600,0
2784,1213,20,1,700,0
2785,1214,75,5,1900,0
2786,1215,120,5,3100,0
2787,1215,10,3,400,200
2788,1215,40,2,1200,200
2789,1215,15,1,500,200
2790,1216,60,5,1700,0
2791,1217,80,3,2200,0
2792,1217,60,5,1700,200
2793,1218,35,3,1000,200
2794,1219,150,5,3900,300
2795,1219,50,2,1400,500
2796,1219,150,5,3900,0
2797,1219,35,3,1100,200
2798,1220,10,3,500,0
2799,1220,60,5,1700,0
2800,1220,45,5,1300,0
2801,1220,45,3,1400,0
2802,1221,80,1,2100,0
2803,1221,150,4,3900,0
2804,1222,120,2,3200,0
2805,1223,35,5,1000,0
2806,1223,10,2,300,100
2807,1223,80,5,2100,0
2808,1223,15,5,600,300
2809,1224,50,2,1300,0
2810,1224,15,3,600,300
2811,1225,200,3,5200,0
2812,1225,75,3,2000,0
2813,1225,35,3,1100,200
2814,1225,75,5,1900,300
2815,1226,50,4,1400,0
2816,1226,10,4,500,200
2817,1226,75,1,1900,0
2818,1226,35,5,900,0
2819,1227,60,1,1600,0
2820,1227,75,3,2000,0
2821,1228,75,4,2000,500
2822,1228,10,4,400,0
2823,1228,45,2,1200,0
2824,1229,75,2,2000,0
2825,1229,50,2,1400,0
2826,1229,120,3,3100,100
2827,1230,200,2,5200,0
2828,1231,40,1,1200,0
2829,1231,35,4,900,0
2830,1231,150,1,4000,0
2831,1231,15,3,600,0
2832,1232,120,4,3100,0
2833,1232,60,5,1600,0
2834,1232,40,1,1100,500
2835,1233,10,4,300,30
2836,1233,200,4,5200,300
2837,1233,25,3,700,0
2838,1234,25,4,700,0
2839,1234,10,3,500,200
2840,1234,20,5,600,100
2841,1235,60,2,1600,0
2842,1235,60,3,1700,0
2843,1235,200,4,5000,0
2844,1235,60,2,1600,100
2845,1236,35,4,1100,0
2846,1236,30,1,900,50
2847,1236,10,1,300,0
2848,1236,80,5,2100,0
2849,1237,50,5,1400,0
2850,1237,10,4,400,0
2851,1237,35,2,1100,0
2852,1237,50,1,1300,0
2853,1238,150,1,3800,200
2854,1238,25,5,800,500
2855,1238,75,1,2000,0
2856,1239,10,5,500,0
2857,1239,80,4,2200,100
2858,1240,200,4,5100,100
2859,1240,10,4,300,0
2860,1241,60,3,1600,0
2861,1241,15,4,500,200
2862,1242,50,4,1400,0
2863,1242,25,4,800,0
2864,1243,80,3,2100,50
2865,1243,99,1,2600,500
2866,1243,30,4,900,0
2867,1243,150,4,3800,0
2868,1244,45,5,1400,0
2869,1244,10,5,500,0
2870,1244,50,4,1500,0
2871,1245,45,5,1200,100
2872,1245,99,2,2600,0
2873,1246,20,3,700,300
2874,1246,99,1,2700,0
2875,1246,10,2,400,0
2876,1246,35,3,1100,0
2877,1247,99,5,2600,200
2878,1247,40,4,1200,0
2879,1247,35,1,1000,0
2880,1247,75,5,1900,0
2881,1248,60,5,1700,200
2882,1248,20,3,700,300
2883,1248,25,2,800,200
2884,1249,45,3,1300,50
2885,1250,120,3,3200,0
2886,1251,25,2,800,0
2887,1251,45,5,1300,0
2888,1251,25,3,700,0
2889,1252,25,2,700,50
2890,1253,25,5,800,0
2891,1253,40,3,1100,0
2892,1253,150,2,3800,0
2893,1253,75,1,1900,0
2894,1254,50,5,1500,0
2895,1255,50,3,1400,0
2896,1255,80,2,2100,0
2897,1256,10,3,500,0
2898,1256,75,3,2100,500
2899,1256,15,3,500,300
2900,1256,30,2,1000,0
2901,1257,40,4,1200,0
2902,1257,10,5,400,50
2903,1257,120,1,3100,0
2904,1257,60,5,1500,500
2905,1258,25,2,700,0
2906,1258,25,3,800,0
2907,1258,45,4,1300,0
2908,1259,75,3,1900,200
2909,1259,99,1,2600,0
2910,1259,50,2,1300,0
2911,1260,10,3,400,0
2912,1260,40,4,1100,0
2913,1260,200,5,5100,500
2914,1261,40,4,1100,200
2915,1261,200,3,5100,0
2916,1261,200,1,5100,0
2917,1261,75,5,2000,0
2918,1262,99,2,2600,0
2919,1262,25,3,900,50
2920,1262,15,1,500,0
2921,1263,20,5,600,0
2922,1264,99,1,2600,50
2923,1264,150,2,3900,0
2924,1265,99,1,2500,50
2925,1266,80,1,2000,200
2926,1266,60,1,1700,0
2927,1267,75,5,2000,0
2928,1267,30,5,800,0
2929,1267,60,2,1700,200
2930,1267,25,1,900,300
2931,1268,99,3,2700,0
2932,1268,15,1,500,0
2933,1268,200,2,5200,0
2934,1269,60,4,1600,200
2935,1269,35,3,1000,0
2936,1269,80,5,2200,0
2937,1269,10,3,500,200
2938,1270,40,5,1200,200
2939,1270,45,1,1300,0
2940,1270,45,5,1400,50
2941,1271,60,5,1600,100
2942,1271,45,1,1200,0
2943,1272,99,1,2500,500
2944,1272,40,5,1100,0
2945,1272,10,3,300,0
2946,1272,80,2,2200,0
2947,1273,10,4,300,0
2948,1274,60,5,1700,0
2949,1274,150,5,3900,0
2950,1275,45,1,1300,0
2951,1275,60,3,1600,200
2952,1275,60,5,1700,0
2953,1275,120,5,3100,50
2954,1276,30,2,800,0
2955,1277,80,5,2100,0
2956,1277,25,5,900,0
2957,1277,40,5,1200,50
2958,1277,60,1,1600,0
2959,1278,120,4,3100,0
2960,1278,120,2,3100,0
2961,1279,200,3,5100,0
2962,1279,200,3,5200,0
2963,1279,99,2,2600,0
2964,1279,40,5,1100,50
2965,1280,50,3,1300,0
2966,1280,120,3,3000,200
2967,1280,75,3,2100,200
2968,1280,40,3,1200,200
2969,1281,120,5,3000,0
2970,1281,75,2,2000,0
2971,1281,80,2,2100,0
2972,1282,45,5,1200,0
2973,1283,200,4,5200,200
2974,1283,35,5,1000,0
2975,1283,15,1,600,300
2976,1284,99,2,2700,300
2977,1285,75,2,1900,0
2978,1285,25,3,700,0
2979,1285,80,1,2100,0
2980,1286,75,4,2000,0
2981,1286,45,1,1200,200
2982,1286,40,4,1100,0
2983,1286,60,1,1700,0
2984,1287,80,2,2200,0
2985,1288,10,3,500,50
2986,1288,60,4,1600,200
2987,1288,30,1,900,100
2988,1288,15,5,400,0
2989,1289,10,3,400,100
2990,1289,50,2,1400,0
2991,1289,120,3,3200,0
2992,1289,45,2,1200,50
2993,1290,10,1,300,200
2994,1290,150,2,3800,0
2995,1290,99,1,2700,200
2996,1291,75,1,2000,300
2997,1291,60,2,1700,500
2998,1292,60,2,1700,0
2999,1292,50,3,1300,0
3000,1293,45,3,1400,0
